{
	"credit": "Made with Blockbench",
	"parent": "block/block",
	"textures": {
		"gearbox": "gtceu:block/gearbox",
		"bottom": "gtceu:block/casings/voltage/lv/bottom",
		"top": "gtceu:block/casings/voltage/lv/top",
		"particle": "gtceu:block/casings/voltage/lv/side",
		"side": "gtceu:block/casings/voltage/lv/side"
	},
	"elements": [
		{
			"from": [0, 0, 0],
			"to": [16, 16, 16],
			"faces": {
				"east": {"uv": [0, 0, 16, 16], "texture": "#side", "cullface": "east", "tintindex": 1},
				"west": {"uv": [0, 0, 16, 16], "texture": "#side", "cullface": "west", "tintindex": 1},
				"up": {"uv": [0, 0, 16, 16], "texture": "#top", "cullface": "up", "tintindex": 1},
				"down": {"uv": [0, 0, 16, 16], "texture": "#bottom", "cullface": "down", "tintindex": 1}
			}
		},
		{
			"from": [1, 0, 0],
			"to": [15, 1, 0],
			"faces": {
				"north": {"uv": [1, 15, 15, 16], "texture": "#side", "cullface": "north", "tintindex": 1}
			}
		},
		{
			"from": [1, 15, 0],
			"to": [15, 16, 0],
			"faces": {
				"north": {"uv": [1, 0, 15, 1], "texture": "#side", "cullface": "north", "tintindex": 1}
			}
		},
		{
			"from": [15, 0, 0],
			"to": [16, 16, 0],
			"faces": {
				"north": {"uv": [0, 0, 1, 16], "texture": "#side", "cullface": "north", "tintindex": 1}
			}
		},
		{
			"from": [0, 0, 0],
			"to": [1, 16, 0],
			"faces": {
				"north": {"uv": [15, 0, 16, 16], "texture": "#side", "cullface": "north", "tintindex": 1}
			}
		},
		{
			"from": [1, 0, 16],
			"to": [15, 1, 16],
			"faces": {
				"south": {"uv": [1, 15, 15, 16], "texture": "#side", "tintindex": 1}
			}
		},
		{
			"from": [1, 15, 16],
			"to": [15, 16, 16],
			"faces": {
				"south": {"uv": [1, 0, 15, 1], "texture": "#side", "tintindex": 1}
			}
		},
		{
			"from": [15, 0, 16],
			"to": [16, 16, 16],
			"faces": {
				"south": {"uv": [15, 0, 16, 16], "texture": "#side", "tintindex": 1}
			}
		},
		{
			"from": [0, 0, 16],
			"to": [1, 16, 16],
			"faces": {
				"south": {"uv": [0, 0, 1, 16], "texture": "#side", "tintindex": 1}
			}
		},
		{
			"name": "Core",
			"from": [1, 1, 1],
			"to": [15, 15, 15],
			"faces": {
				"north": {"uv": [1, 1, 15, 15], "texture": "#gearbox"},
				"south": {"uv": [1, 1, 15, 15], "texture": "#gearbox"}
			}
		},
		{
			"from": [1, 1, 0],
			"to": [1, 15, 16],
			"rotation": {"angle": 0, "axis": "y", "origin": [-1, 0, 0]},
			"faces": {
				"east": {"uv": [0, 1, 16, 15], "texture": "#side", "tintindex": 1}
			}
		},
		{
			"from": [1, 15, 0],
			"to": [15, 15, 16],
			"rotation": {"angle": 0, "axis": "y", "origin": [0, 1, 0]},
			"faces": {
				"down": {"uv": [15, 0, 1, 16], "texture": "#side", "tintindex": 1}
			}
		},
		{
			"from": [1, 1, 0],
			"to": [15, 1, 16],
			"rotation": {"angle": 0, "axis": "y", "origin": [0, -1, 0]},
			"faces": {
				"up": {"uv": [1, 0, 15, 16], "texture": "#side", "tintindex": 1}
			}
		},
		{
			"from": [15, 1, 0],
			"to": [15, 15, 16],
			"rotation": {"angle": 0, "axis": "y", "origin": [1, 0, 0]},
			"faces": {
				"west": {"uv": [0, 1, 16, 15], "texture": "#side", "tintindex": 1}
			}
		}
	],
	"groups": [
		0,
		{
			"name": "group",
			"origin": [0, 0, 0],
			"color": 0,
			"children": [1, 2, 3, 4]
		},
		{
			"name": "group",
			"origin": [8, 8, 8],
			"color": 0,
			"children": []
		},
		{
			"name": "group",
			"origin": [0, 0, 0],
			"color": 0,
			"children": [5, 6, 7, 8]
		},
		9,
		{
			"name": "group",
			"origin": [8, 8, 8],
			"color": 0,
			"children": [10, 11, 12, 13]
		}
	]
}